"Country","Year","TotalProd","prod_million","kgpersqmile"
"Angola","1990",3020400,3.02,2.42
"Angola","2010",2098200,2.1,1.68
"Angola","2011",1723200,1.72,1.38
"Angola","2014",2364600,2.36,1.9
"Angola","2015",2431200,2.43,1.95
"Angola","2012",1967400,1.97,1.58
"Angola","2013",2096400,2.1,1.68
"Angola","2004",886200,0.89,0.71
"Angola","2005",1497600,1.5,1.2
"Angola","1991",4759800,4.76,3.82
"Angola","2003",2280600,2.28,1.83
"Angola","2008",2256600,2.26,1.81
"Angola","2009",805200,0.81,0.65
"Angola","1994",4608000,4.61,3.7
"Angola","1995",3726600,3.73,2.99
"Angola","1996",4255200,4.26,3.41
"Angola","1997",3859800,3.86,3.1
"Angola","1998",5120400,5.12,4.11
"Angola","1999",3296400,3.3,2.64
"Angola","2016",2689800,2.69,2.16
"Angola","2017",2100600,2.1,1.68
"Angola","2018",2423400,2.42,1.94
"Angola","2006",2105400,2.11,1.69
"Angola","2007",2137800,2.14,1.71
"Angola","1992",4651200,4.65,3.73
"Angola","1993",1956600,1.96,1.57
"Angola","2002",3398400,3.4,2.73
"Angola","2000",2986800,2.99,2.4
"Angola","2001",1241400,1.24,1
"Brazil","1991",1637609400,1637.61,192.39
"Brazil","1990",1637137800,1637.14,192.33
"Brazil","1995",1083612000,1083.61,127.3
"Brazil","1992",2076201000,2076.2,243.92
"Brazil","1993",1690018800,1690.02,198.55
"Brazil","1994",1691523000,1691.52,198.72
"Brazil","2014",3198286200,3198.29,375.74
"Brazil","2015",3172235400,3172.24,372.68
"Brazil","2003",1732404600,1732.4,203.53
"Brazil","2004",2356869000,2356.87,276.89
"Brazil","2005",1975978800,1975.98,232.14
"Brazil","2006",2905903800,2905.9,341.39
"Brazil","2007",2334687600,2334.69,274.28
"Brazil","2008",3089431200,3089.43,362.95
"Brazil","2009",2638608600,2638.61,309.99
"Brazil","2010",3325704600,3325.7,390.71
"Brazil","2011",2915509800,2915.51,342.52
"Brazil","2012",3325080000,3325.08,390.64
"Brazil","2013",3281338200,3281.34,385.5
"Brazil","1998",2205651000,2205.65,259.12
"Brazil","1999",2854668600,2854.67,335.37
"Brazil","2000",1878621000,1878.62,220.7
"Brazil","2001",1881906000,1881.91,221.09
"Brazil","2002",2901097800,2901.1,340.83
"Brazil","2018",3775492800,3775.49,443.55
"Brazil","1996",1751804400,1751.8,205.8
"Brazil","1997",1568880000,1568.88,184.31
"Brazil","2017",3164391600,3164.39,371.76
"Brazil","2016",3407290800,3407.29,400.29
"Burundi","2004",26222400,26.22,942.23
"Burundi","2008",24706800,24.71,887.78
"Burundi","2005",6199200,6.2,222.75
"Burundi","2007",7971600,7.97,286.44
"Burundi","1999",21033000,21.03,755.77
"Burundi","2000",29247600,29.25,1050.94
"Burundi","2006",29910000,29.91,1074.74
"Burundi","1998",29519400,29.52,1060.7
"Burundi","2003",20271600,20.27,728.41
"Burundi","2016",14927400,14.93,536.38
"Burundi","2017",12126600,12.13,435.74
"Burundi","2018",10705200,10.71,384.66
"Burundi","1993",23601000,23.6,848.04
"Burundi","1994",39848400,39.85,1431.85
"Burundi","1995",26038800,26.04,935.64
"Burundi","1996",24058200,24.06,864.47
"Burundi","1997",14986800,14.99,538.51
"Burundi","2010",21178800,21.18,761.01
"Burundi","2011",12247800,12.25,440.09
"Burundi","2001",8638800,8.64,310.41
"Burundi","2002",27223800,27.22,978.22
"Burundi","2015",16446000,16.45,590.95
"Burundi","1990",29243400,29.24,1050.79
"Burundi","1991",40032000,40.03,1438.45
"Burundi","1992",37214400,37.21,1337.2
"Burundi","2009",6696600,6.7,240.63
"Burundi","2014",14853000,14.85,533.7
"Burundi","2012",24357600,24.36,875.23
"Burundi","2013",9793200,9.79,351.89
"Cameroon","1990",100948800,100.95,212.33
"Cameroon","1991",103557000,103.56,217.81
"Cameroon","1992",15622800,15.62,32.86
"Cameroon","1993",40974600,40.97,86.18
"Cameroon","1994",24333600,24.33,51.18
"Cameroon","1995",39602400,39.6,83.3
"Cameroon","1996",85931400,85.93,180.74
"Cameroon","1997",53336400,53.34,112.18
"Cameroon","1998",66836400,66.84,140.58
"Cameroon","1999",82189200,82.19,172.87
"Cameroon","2000",66788400,66.79,140.48
"Cameroon","2001",41140800,41.14,86.53
"Cameroon","2002",48048000,48.05,101.06
"Cameroon","2003",54016800,54.02,113.61
"Cameroon","2004",43642800,43.64,91.79
"Cameroon","2005",52183200,52.18,109.76
"Cameroon","2006",49090200,49.09,103.25
"Cameroon","2007",47718000,47.72,100.37
"Cameroon","2008",43494000,43.49,91.48
"Cameroon","2009",54136800,54.14,113.87
"Cameroon","2010",31627800,31.63,66.52
"Cameroon","2011",40159200,40.16,84.47
"Cameroon","2012",22261200,22.26,46.82
"Cameroon","2013",24229800,24.23,50.96
"Cameroon","2014",28986600,28.99,60.97
"Cameroon","2015",23450400,23.45,49.32
"Cameroon","2016",17512800,17.51,36.83
"Cameroon","2017",22173000,22.17,46.64
"Cameroon","2018",16218000,16.22,34.11
"Central African Rep.","1990",10516200,10.52,16.88
"Central African Rep.","1991",7486800,7.49,12.02
"Central African Rep.","1992",8030400,8.03,12.89
"Central African Rep.","1993",9934200,9.93,15.95
"Central African Rep.","1994",14970600,14.97,24.03
"Central African Rep.","1995",6483600,6.48,10.41
"Central African Rep.","1996",12469800,12.47,20.02
"Central African Rep.","1997",6861000,6.86,11.01
"Central African Rep.","1998",12874800,12.87,20.67
"Central African Rep.","1999",14440800,14.44,23.18
"Central African Rep.","2000",6798600,6.8,10.91
"Central African Rep.","2001",4090200,4.09,6.57
"Central African Rep.","2002",5525400,5.53,8.87
"Central African Rep.","2003",2563800,2.56,4.12
"Central African Rep.","2004",1723200,1.72,2.77
"Central African Rep.","2005",1389600,1.39,2.23
"Central African Rep.","2006",6810000,6.81,10.93
"Central African Rep.","2007",2608200,2.61,4.19
"Central African Rep.","2008",3577200,3.58,5.74
"Central African Rep.","2009",6726600,6.73,10.8
"Central African Rep.","2010",4707600,4.71,7.56
"Central African Rep.","2011",5479800,5.48,8.8
"Central African Rep.","2012",1373400,1.37,2.2
"Central African Rep.","2013",5406000,5.41,8.68
"Central African Rep.","2014",3756600,3.76,6.03
"Central African Rep.","2015",6001200,6,9.63
"Central African Rep.","2016",2203800,2.2,3.54
"Central African Rep.","2017",3594600,3.59,5.77
"Central African Rep.","2018",3450000,3.45,5.54
"Colombia","1990",863760000,863.76,758.41
"Colombia","1991",1078824000,1078.82,947.24
"Colombia","1992",896812800,896.81,787.43
"Colombia","1993",685345200,685.35,601.76
"Colombia","1994",777840000,777.84,682.97
"Colombia","1995",776281200,776.28,681.6
"Colombia","1996",646731000,646.73,567.85
"Colombia","1997",727350000,727.35,638.64
"Colombia","1998",652077600,652.08,572.55
"Colombia","1999",570735000,570.74,501.12
"Colombia","2000",631161000,631.16,554.18
"Colombia","2001",717016800,717.02,629.56
"Colombia","2002",702722400,702.72,617.01
"Colombia","2003",663157200,663.16,582.27
"Colombia","2004",685731600,685.73,602.09
"Colombia","2005",717138000,717.14,629.67
"Colombia","2006",729851400,729.85,640.83
"Colombia","2007",750906000,750.91,659.32
"Colombia","2008",519857400,519.86,456.45
"Colombia","2009",485855400,485.86,426.6
"Colombia","2010",511359600,511.36,448.99
"Colombia","2011",459199800,459.2,403.19
"Colombia","2012",595616400,595.62,522.97
"Colombia","2013",727444200,727.44,638.72
"Colombia","2014",800000400,800,702.43
"Colombia","2015",840526800,840.53,738.01
"Colombia","2016",878063400,878.06,770.97
"Colombia","2017",829444200,829.44,728.28
"Colombia","2018",831477600,831.48,730.06
"Congo, Repub. of the","1990",94818000,94.82,277.25
"Congo, Repub. of the","1991",73794000,73.79,215.77
"Congo, Repub. of the","1992",70809600,70.81,207.05
"Congo, Repub. of the","1993",58815600,58.82,171.98
"Congo, Repub. of the","1994",77868600,77.87,227.69
"Congo, Repub. of the","1995",65889000,65.89,192.66
"Congo, Repub. of the","1996",47674800,47.67,139.4
"Congo, Repub. of the","1997",48673200,48.67,142.32
"Congo, Repub. of the","1998",44284800,44.28,129.49
"Congo, Repub. of the","1999",28629000,28.63,83.71
"Congo, Repub. of the","2000",21752400,21.75,63.6
"Congo, Repub. of the","2001",25390800,25.39,74.24
"Congo, Repub. of the","2002",20272200,20.27,59.28
"Congo, Repub. of the","2003",27063600,27.06,79.13
"Congo, Repub. of the","2004",21585000,21.59,63.11
"Congo, Repub. of the","2005",20172000,20.17,58.98
"Congo, Repub. of the","2006",22651200,22.65,66.23
"Congo, Repub. of the","2007",24955800,24.96,72.97
"Congo, Repub. of the","2008",25317600,25.32,74.03
"Congo, Repub. of the","2009",20750400,20.75,60.67
"Congo, Repub. of the","2010",18309600,18.31,53.54
"Congo, Repub. of the","2011",21392400,21.39,62.55
"Congo, Repub. of the","2012",20043000,20.04,58.61
"Congo, Repub. of the","2013",20825400,20.83,60.89
"Congo, Repub. of the","2014",20092200,20.09,58.75
"Congo, Repub. of the","2015",22236600,22.24,65.02
"Congo, Repub. of the","2016",16763400,16.76,49.02
"Congo, Repub. of the","2017",22902000,22.9,66.96
"Congo, Repub. of the","2018",21643200,21.64,63.28
"Costa Rica","1990",153713400,153.71,3008.09
"Costa Rica","1991",165577200,165.58,3240.26
"Costa Rica","1992",179878200,179.88,3520.12
"Costa Rica","1993",141525000,141.52,2769.57
"Costa Rica","1994",148916400,148.92,2914.22
"Costa Rica","1995",170616000,170.62,3338.86
"Costa Rica","1996",133315200,133.32,2608.91
"Costa Rica","1997",156996000,157,3072.33
"Costa Rica","1998",146707200,146.71,2870.98
"Costa Rica","1999",149119800,149.12,2918.2
"Costa Rica","2000",145112400,145.11,2839.77
"Costa Rica","2001",134802000,134.8,2638
"Costa Rica","2002",122604600,122.6,2399.31
"Costa Rica","2003",113185800,113.19,2214.99
"Costa Rica","2004",112550400,112.55,2202.55
"Costa Rica","2005",99151800,99.15,1940.35
"Costa Rica","2006",102364200,102.36,2003.21
"Costa Rica","2007",107828400,107.83,2110.14
"Costa Rica","2008",89995200,90,1761.16
"Costa Rica","2009",88605000,88.61,1733.95
"Costa Rica","2010",96822000,96.82,1894.76
"Costa Rica","2011",109854000,109.85,2149.78
"Costa Rica","2012",109361400,109.36,2140.14
"Costa Rica","2013",93124800,93.12,1822.4
"Costa Rica","2014",88503600,88.5,1731.97
"Costa Rica","2015",86410200,86.41,1691
"Costa Rica","2016",82314000,82.31,1610.84
"Costa Rica","2017",93640800,93.64,1832.5
"Costa Rica","2018",85599600,85.6,1675.14
"Cote d'Ivoire","1990",176421600,176.42,547.11
"Cote d'Ivoire","1991",247758000,247.76,768.34
"Cote d'Ivoire","1992",134732400,134.73,417.83
"Cote d'Ivoire","1993",137604600,137.6,426.73
"Cote d'Ivoire","1994",180386400,180.39,559.41
"Cote d'Ivoire","1995",151911600,151.91,471.1
"Cote d'Ivoire","1996",291515400,291.52,904.04
"Cote d'Ivoire","1997",249840000,249.84,774.79
"Cote d'Ivoire","1998",119493000,119.49,370.57
"Cote d'Ivoire","1999",379226400,379.23,1176.04
"Cote d'Ivoire","2000",290735400,290.74,901.62
"Cote d'Ivoire","2001",215767200,215.77,669.13
"Cote d'Ivoire","2002",180578400,180.58,560
"Cote d'Ivoire","2003",178875000,178.88,554.72
"Cote d'Ivoire","2004",128136000,128.14,397.37
"Cote d'Ivoire","2005",125942400,125.94,390.57
"Cote d'Ivoire","2006",170876400,170.88,529.92
"Cote d'Ivoire","2007",80288400,80.29,248.99
"Cote d'Ivoire","2008",151579800,151.58,470.07
"Cote d'Ivoire","2009",119322000,119.32,370.04
"Cote d'Ivoire","2010",50203200,50.2,155.69
"Cote d'Ivoire","2011",132980400,132.98,412.39
"Cote d'Ivoire","2012",119630400,119.63,370.99
"Cote d'Ivoire","2013",155866200,155.87,483.37
"Cote d'Ivoire","2014",103682400,103.68,321.54
"Cote d'Ivoire","2015",77344800,77.34,239.86
"Cote d'Ivoire","2016",49044000,49.04,152.09
"Cote d'Ivoire","2017",88431000,88.43,274.24
"Cote d'Ivoire","2018",137660400,137.66,426.91
"Cuba","1990",24852600,24.85,224.18
"Cuba","1991",18126000,18.13,163.5
"Cuba","1992",17054400,17.05,153.84
"Cuba","1993",17124000,17.12,154.47
"Cuba","1994",17059200,17.06,153.88
"Cuba","1995",17097600,17.1,154.23
"Cuba","1996",21951600,21.95,198.01
"Cuba","1997",18001200,18,162.38
"Cuba","1998",16797000,16.8,151.52
"Cuba","1999",19679400,19.68,177.52
"Cuba","2000",18745800,18.75,169.09
"Cuba","2001",17098200,17.1,154.23
"Cuba","2002",14346000,14.35,129.41
"Cuba","2003",13410600,13.41,120.97
"Cuba","2004",10798800,10.8,97.41
"Cuba","2005",5974800,5.97,53.9
"Cuba","2006",6291000,6.29,56.75
"Cuba","2007",6591600,6.59,59.46
"Cuba","2008",8007000,8.01,72.23
"Cuba","2009",5526000,5.53,49.85
"Cuba","2010",6510000,6.51,58.72
"Cuba","2011",6009600,6.01,54.21
"Cuba","2012",5288400,5.29,47.7
"Cuba","2013",6400800,6.4,57.74
"Cuba","2014",6085200,6.09,54.89
"Cuba","2015",5989200,5.99,54.02
"Cuba","2016",6156000,6.16,55.53
"Cuba","2017",6793800,6.79,61.28
"Cuba","2018",7077000,7.08,63.84
"Dominican Republic","1990",52803600,52.8,1083.6
"Dominican Republic","1991",19233600,19.23,394.7
"Dominican Republic","1992",38269200,38.27,785.33
"Dominican Republic","1993",36236400,36.24,743.62
"Dominican Republic","1994",43780200,43.78,898.42
"Dominican Republic","1995",53137200,53.14,1090.44
"Dominican Republic","1996",31131000,31.13,638.85
"Dominican Republic","1997",56474400,56.47,1158.92
"Dominican Republic","1998",29195400,29.2,599.13
"Dominican Republic","1999",36412800,36.41,747.24
"Dominican Republic","2000",28022400,28.02,575.05
"Dominican Republic","2001",23217600,23.22,476.45
"Dominican Republic","2002",27312000,27.31,560.48
"Dominican Republic","2003",21040200,21.04,431.77
"Dominican Republic","2004",29440800,29.44,604.16
"Dominican Republic","2005",18603000,18.6,381.76
"Dominican Republic","2006",23200200,23.2,476.1
"Dominican Republic","2007",27894600,27.89,572.43
"Dominican Republic","2008",38701800,38.7,794.21
"Dominican Republic","2009",21147600,21.15,433.97
"Dominican Republic","2010",22689600,22.69,465.62
"Dominican Republic","2011",29432400,29.43,603.99
"Dominican Republic","2012",29305800,29.31,601.39
"Dominican Republic","2013",25523400,25.52,523.77
"Dominican Republic","2014",23817000,23.82,488.75
"Dominican Republic","2015",23997000,24,492.45
"Dominican Republic","2016",24732600,24.73,507.54
"Dominican Republic","2017",24745800,24.75,507.81
"Dominican Republic","2018",25854600,25.85,530.57
"Ecuador","1992",71128800,71.13,250.84
"Ecuador","1991",127429200,127.43,449.39
"Ecuador","1996",119574600,119.57,421.69
"Ecuador","1993",124140600,124.14,437.79
"Ecuador","1990",90229200,90.23,318.2
"Ecuador","1995",113293800,113.29,399.54
"Ecuador","2014",38640600,38.64,136.27
"Ecuador","2015",38669400,38.67,136.37
"Ecuador","2016",38692800,38.69,136.45
"Ecuador","2017",37414200,37.41,131.94
"Ecuador","2018",36060000,36.06,127.17
"Ecuador","2004",46825800,46.83,165.14
"Ecuador","2005",56118000,56.12,197.91
"Ecuador","1994",142546200,142.55,502.7
"Ecuador","2009",48796800,48.8,172.09
"Ecuador","2010",51238800,51.24,180.7
"Ecuador","2011",49524600,49.52,174.65
"Ecuador","2012",49686000,49.69,175.22
"Ecuador","2013",39932400,39.93,140.83
"Ecuador","1999",71860800,71.86,253.42
"Ecuador","2000",51229200,51.23,180.66
"Ecuador","2001",47571000,47.57,167.76
"Ecuador","2002",34933200,34.93,123.2
"Ecuador","2003",38447400,38.45,135.59
"Ecuador","2008",46239000,46.24,163.07
"Ecuador","2006",62071200,62.07,218.9
"Ecuador","2007",57024000,57.02,201.1
"Ecuador","1997",71439600,71.44,251.94
"Ecuador","1998",72358200,72.36,255.18
"El Salvador","1990",147891600,147.89,7029.07
"El Salvador","1991",131861400,131.86,6267.18
"El Salvador","1992",180078000,180.08,8558.84
"El Salvador","1993",142708800,142.71,6782.74
"El Salvador","1994",137608200,137.61,6540.31
"El Salvador","1995",155110800,155.11,7372.19
"El Salvador","1996",152014200,152.01,7225.01
"El Salvador","1997",130488600,130.49,6201.93
"El Salvador","1998",123277800,123.28,5859.21
"El Salvador","1999",155888400,155.89,7409.14
"El Salvador","2000",102267000,102.27,4860.6
"El Salvador","2001",101638200,101.64,4830.71
"El Salvador","2002",81682800,81.68,3882.26
"El Salvador","2003",82806000,82.81,3935.65
"El Salvador","2004",71812200,71.81,3413.13
"El Salvador","2005",79115400,79.12,3760.24
"El Salvador","2006",74019600,74.02,3518.04
"El Salvador","2007",90299400,90.3,4291.8
"El Salvador","2008",87013800,87.01,4135.64
"El Salvador","2009",64477800,64.48,3064.53
"El Salvador","2010",112396200,112.4,5342.02
"El Salvador","2011",69825600,69.83,3318.71
"El Salvador","2012",74375400,74.38,3534.95
"El Salvador","2013",30900000,30.9,1468.63
"El Salvador","2014",39900000,39.9,1896.39
"El Salvador","2015",33900000,33.9,1611.22
"El Salvador","2016",36600000,36.6,1739.54
"El Salvador","2017",45576600,45.58,2166.19
"El Salvador","2018",45655200,45.66,2169.92
"Equatorial Guinea","1990",212400,0.21,7.57
"Equatorial Guinea","1991",153000,0.15,5.45
"Equatorial Guinea","1992",101400,0.1,3.61
"Equatorial Guinea","1993",0,0,0
"Equatorial Guinea","1994",191400,0.19,6.82
"Equatorial Guinea","1995",108600,0.11,3.87
"Equatorial Guinea","1996",67200,0.07,2.4
"Equatorial Guinea","1997",100200,0.1,3.57
"Equatorial Guinea","1998",62400,0.06,2.22
"Equatorial Guinea","1999",10800,0.01,0.39
"Equatorial Guinea","2000",0,0,0
"Equatorial Guinea","2001",0,0,0
"Equatorial Guinea","2002",0,0,0
"Equatorial Guinea","2003",0,0,0
"Equatorial Guinea","2004",0,0,0
"Equatorial Guinea","2005",0,0,0
"Equatorial Guinea","2006",0,0,0
"Equatorial Guinea","2007",0,0,0
"Equatorial Guinea","2008",0,0,0
"Equatorial Guinea","2009",0,0,0
"Equatorial Guinea","2010",0,0,0
"Equatorial Guinea","2011",0,0,0
"Equatorial Guinea","2012",0,0,0
"Equatorial Guinea","2013",0,0,0
"Equatorial Guinea","2014",0,0,0
"Equatorial Guinea","2015",0,0,0
"Equatorial Guinea","2016",0,0,0
"Equatorial Guinea","2017",3000,0,0.11
"Equatorial Guinea","2018",600,0,0.02
"Ethiopia","1990",174567000,174.57,154.88
"Ethiopia","1991",175479600,175.48,155.69
"Ethiopia","1992",109510200,109.51,97.16
"Ethiopia","1993",178020000,178.02,157.94
"Ethiopia","1994",165763800,165.76,147.07
"Ethiopia","1995",189919200,189.92,168.5
"Ethiopia","1996",204446400,204.45,181.39
"Ethiopia","1997",183411600,183.41,162.72
"Ethiopia","1998",175663200,175.66,155.85
"Ethiopia","1999",227043000,227.04,201.44
"Ethiopia","2000",186909000,186.91,165.83
"Ethiopia","2001",242654400,242.65,215.29
"Ethiopia","2002",245634000,245.63,217.93
"Ethiopia","2003",263623200,263.62,233.89
"Ethiopia","2004",312777000,312.78,277.5
"Ethiopia","2005",286769400,286.77,254.43
"Ethiopia","2006",333044400,333.04,295.48
"Ethiopia","2007",358000800,358,317.62
"Ethiopia","2008",296939400,296.94,263.45
"Ethiopia","2009",415872000,415.87,368.97
"Ethiopia","2010",450022800,450.02,399.27
"Ethiopia","2011",407904600,407.9,361.9
"Ethiopia","2012",373980600,373.98,331.8
"Ethiopia","2013",385646400,385.65,342.15
"Ethiopia","2014",394515600,394.52,350.02
"Ethiopia","2015",402838800,402.84,357.4
"Ethiopia","2016",437818800,437.82,388.44
"Ethiopia","2017",447223800,447.22,396.78
"Ethiopia","2018",466573200,466.57,413.95
"Gabon","1990",204600,0.2,0.76
"Gabon","1991",105000,0.1,0.39
"Gabon","1992",183600,0.18,0.69
"Gabon","1993",172800,0.17,0.65
"Gabon","1994",462000,0.46,1.73
"Gabon","1995",106200,0.11,0.4
"Gabon","1996",76800,0.08,0.29
"Gabon","1997",160200,0.16,0.6
"Gabon","1998",226200,0.23,0.85
"Gabon","1999",123600,0.12,0.46
"Gabon","2000",0,0,0
"Gabon","2001",49200,0.05,0.18
"Gabon","2002",75000,0.07,0.28
"Gabon","2003",18000,0.02,0.07
"Gabon","2004",18000,0.02,0.07
"Gabon","2005",41400,0.04,0.15
"Gabon","2006",84000,0.08,0.31
"Gabon","2007",43200,0.04,0.16
"Gabon","2008",124200,0.12,0.46
"Gabon","2009",29400,0.03,0.11
"Gabon","2010",109800,0.11,0.41
"Gabon","2011",46800,0.05,0.17
"Gabon","2012",45000,0.04,0.17
"Gabon","2013",22800,0.02,0.09
"Gabon","2014",31200,0.03,0.12
"Gabon","2015",44400,0.04,0.17
"Gabon","2016",30000,0.03,0.11
"Gabon","2017",15600,0.02,0.06
"Gabon","2018",30000,0.03,0.11
"Ghana","1990",2271000,2.27,9.48
"Ghana","1991",4578600,4.58,19.12
"Ghana","1992",2196000,2.2,9.17
"Ghana","1993",2722800,2.72,11.37
"Ghana","1994",3430800,3.43,14.33
"Ghana","1995",3391800,3.39,14.16
"Ghana","1996",1945200,1.95,8.12
"Ghana","1997",1636200,1.64,6.83
"Ghana","1998",3266400,3.27,13.64
"Ghana","1999",5334000,5.33,22.28
"Ghana","2000",4587600,4.59,19.16
"Ghana","2001",436800,0.44,1.82
"Ghana","2002",2017800,2.02,8.43
"Ghana","2003",1088400,1.09,4.55
"Ghana","2004",1086600,1.09,4.54
"Ghana","2005",742200,0.74,3.1
"Ghana","2006",1212600,1.21,5.06
"Ghana","2007",2079600,2.08,8.68
"Ghana","2008",1584000,1.58,6.61
"Ghana","2009",1116600,1.12,4.66
"Ghana","2010",4170000,4.17,17.41
"Ghana","2011",1803600,1.8,7.53
"Ghana","2012",1252800,1.25,5.23
"Ghana","2013",1504200,1.5,6.28
"Ghana","2014",2123400,2.12,8.87
"Ghana","2015",2139000,2.14,8.93
"Ghana","2016",1566600,1.57,6.54
"Ghana","2017",778200,0.78,3.25
"Ghana","2018",895800,0.9,3.74
"Guatemala","1990",196231800,196.23,1802.11
"Guatemala","1991",209791800,209.79,1926.64
"Guatemala","1992",259108800,259.11,2379.55
"Guatemala","1993",212130000,212.13,1948.11
"Guatemala","1994",227240400,227.24,2086.88
"Guatemala","1995",240096000,240.1,2204.94
"Guatemala","1996",271473600,271.47,2493.1
"Guatemala","1997",253162200,253.16,2324.94
"Guatemala","1998",293577600,293.58,2696.09
"Guatemala","1999",307207800,307.21,2821.27
"Guatemala","2000",296385000,296.38,2721.88
"Guatemala","2001",220137600,220.14,2021.65
"Guatemala","2002",244197000,244.2,2242.6
"Guatemala","2003",216595800,216.6,1989.12
"Guatemala","2004",222181800,222.18,2040.42
"Guatemala","2005",220531800,220.53,2025.27
"Guatemala","2006",237019800,237.02,2176.69
"Guatemala","2007",245980800,245.98,2258.98
"Guatemala","2008",227098200,227.1,2085.57
"Guatemala","2009",230087400,230.09,2113.03
"Guatemala","2010",236995800,237,2176.47
"Guatemala","2011",231023400,231.02,2121.62
"Guatemala","2012",225775800,225.78,2073.43
"Guatemala","2013",191362200,191.36,1757.39
"Guatemala","2014",198604800,198.6,1823.9
"Guatemala","2015",204586800,204.59,1878.84
"Guatemala","2016",221052600,221.05,2030.05
"Guatemala","2017",224023800,224.02,2057.34
"Guatemala","2018",240403800,240.4,2207.77
"Guinea","1990",2667600,2.67,10.85
"Guinea","1991",5431200,5.43,22.09
"Guinea","1992",4580400,4.58,18.63
"Guinea","1993",3828600,3.83,15.57
"Guinea","1994",11901600,11.9,48.41
"Guinea","1995",6249600,6.25,25.42
"Guinea","1996",8858400,8.86,36.03
"Guinea","1997",10302600,10.3,41.9
"Guinea","1998",25276200,25.28,102.81
"Guinea","1999",21822600,21.82,88.76
"Guinea","2000",23999400,24,97.62
"Guinea","2001",14158800,14.16,57.59
"Guinea","2002",19693800,19.69,80.1
"Guinea","2003",21931800,21.93,89.21
"Guinea","2004",18967200,18.97,77.15
"Guinea","2005",31492800,31.49,128.09
"Guinea","2006",28377000,28.38,115.42
"Guinea","2007",19361400,19.36,78.75
"Guinea","2008",30286800,30.29,123.19
"Guinea","2009",29955000,29.95,121.84
"Guinea","2010",23187600,23.19,94.31
"Guinea","2011",23130600,23.13,94.08
"Guinea","2012",14013000,14.01,57
"Guinea","2013",6071400,6.07,24.69
"Guinea","2014",9906600,9.91,40.29
"Guinea","2015",17187000,17.19,69.91
"Guinea","2016",16196400,16.2,65.88
"Guinea","2017",13751400,13.75,55.93
"Guinea","2018",14905200,14.91,60.63
"Guyana","1990",0,0,0
"Guyana","1991",0,0,0
"Guyana","1992",0,0,0
"Guyana","1993",0,0,0
"Guyana","1994",0,0,0
"Guyana","1995",0,0,0
"Guyana","1996",0,0,0
"Guyana","1997",0,0,0
"Guyana","1998",358800,0.36,1.67
"Guyana","1999",305400,0.31,1.42
"Guyana","2000",172200,0.17,0.8
"Guyana","2001",315600,0.32,1.47
"Guyana","2002",312000,0.31,1.45
"Guyana","2003",325800,0.33,1.52
"Guyana","2004",363600,0.36,1.69
"Guyana","2005",420600,0.42,1.96
"Guyana","2006",454800,0.45,2.12
"Guyana","2007",517200,0.52,2.41
"Guyana","2008",592200,0.59,2.75
"Guyana","2009",550800,0.55,2.56
"Guyana","2010",548400,0.55,2.55
"Guyana","2011",611400,0.61,2.84
"Guyana","2012",584400,0.58,2.72
"Guyana","2013",776400,0.78,3.61
"Guyana","2014",558000,0.56,2.6
"Guyana","2015",673200,0.67,3.13
"Guyana","2016",577800,0.58,2.69
"Guyana","2017",595800,0.6,2.77
"Guyana","2018",603600,0.6,2.81
"Haiti","1990",23572800,23.57,849.47
"Haiti","1991",27801000,27.8,1001.84
"Haiti","1992",29991600,29.99,1080.78
"Haiti","1993",27042000,27.04,974.49
"Haiti","1994",27015000,27.02,973.51
"Haiti","1995",30836400,30.84,1111.22
"Haiti","1996",25703400,25.7,926.25
"Haiti","1997",25909200,25.91,933.66
"Haiti","1998",26355000,26.36,949.73
"Haiti","1999",23941800,23.94,862.77
"Haiti","2000",25191000,25.19,907.78
"Haiti","2001",24158400,24.16,870.57
"Haiti","2002",22436400,22.44,808.52
"Haiti","2003",22430400,22.43,808.3
"Haiti","2004",21912600,21.91,789.64
"Haiti","2005",21360600,21.36,769.75
"Haiti","2006",21726600,21.73,782.94
"Haiti","2007",21564600,21.56,777.1
"Haiti","2008",21520800,21.52,775.52
"Haiti","2009",21034800,21.03,758.01
"Haiti","2010",20971800,20.97,755.74
"Haiti","2011",20951400,20.95,755.01
"Haiti","2012",20983800,20.98,756.17
"Haiti","2013",20712600,20.71,746.4
"Haiti","2014",20592600,20.59,742.08
"Haiti","2015",20451600,20.45,736.99
"Haiti","2016",20494800,20.49,738.55
"Haiti","2017",20542800,20.54,740.28
"Haiti","2018",20806800,20.81,749.79
"Honduras","1990",94077600,94.08,839.3
"Honduras","1991",139308600,139.31,1242.83
"Honduras","1992",115092600,115.09,1026.79
"Honduras","1993",109750800,109.75,979.13
"Honduras","1994",130843800,130.84,1167.31
"Honduras","1995",114554400,114.55,1021.99
"Honduras","1996",120263400,120.26,1072.92
"Honduras","1997",153864600,153.86,1372.69
"Honduras","1998",131708400,131.71,1175.02
"Honduras","1999",179100000,179.1,1597.82
"Honduras","2000",159999600,160,1427.42
"Honduras","2001",182175000,182.18,1625.26
"Honduras","2002",149753400,149.75,1336.01
"Honduras","2003",178071600,178.07,1588.65
"Honduras","2004",154508400,154.51,1378.43
"Honduras","2005",192261600,192.26,1715.24
"Honduras","2006",207676800,207.68,1852.77
"Honduras","2007",218387400,218.39,1948.32
"Honduras","2008",206999400,207,1846.72
"Honduras","2009",216175200,216.18,1928.59
"Honduras","2010",259841400,259.84,2318.15
"Honduras","2011",352928400,352.93,3148.62
"Honduras","2012",281160000,281.16,2508.34
"Honduras","2013",274981200,274.98,2453.22
"Honduras","2014",316093200,316.09,2819.99
"Honduras","2015",347146800,347.15,3097.04
"Honduras","2016",447414000,447.41,3991.56
"Honduras","2017",453586200,453.59,4046.63
"Honduras","2018",439672800,439.67,3922.5
"India","1990",169721400,169.72,51.62
"India","1991",179985000,179.99,54.75
"India","1992",169410000,169.41,51.53
"India","1993",211990800,211.99,64.48
"India","1994",180093600,180.09,54.78
"India","1995",240721800,240.72,73.22
"India","1996",205027200,205.03,62.36
"India","1997",246525600,246.53,74.99
"India","1998",265006200,265.01,80.61
"India","1999",291995400,292,88.82
"India","2000",301186200,301.19,91.61
"India","2001",288624600,288.62,87.79
"India","2002",275273400,275.27,83.73
"India","2003",282496200,282.5,85.93
"India","2004",275460600,275.46,83.79
"India","2005",273977400,273.98,83.34
"India","2006",270004200,270,82.13
"India","2007",261999600,262,79.69
"India","2008",244300200,244.3,74.31
"India","2009",289599000,289.6,88.09
"India","2010",335998200,336,102.2
"India","2011",320012400,320.01,97.34
"India","2012",324206400,324.21,98.62
"India","2013",304519800,304.52,92.63
"India","2014",326992200,326.99,99.46
"India","2015",349820400,349.82,106.41
"India","2016",369656400,369.66,112.44
"India","2017",348793200,348.79,106.09
"India","2018",318143400,318.14,96.77
"Indonesia","1991",509592000,509.59,265.49
"Indonesia","1990",446482800,446.48,232.61
"Indonesia","2008",576741000,576.74,300.47
"Indonesia","1998",437757600,437.76,228.07
"Indonesia","1999",393424200,393.42,204.97
"Indonesia","2000",419234400,419.23,218.41
"Indonesia","2001",410001600,410,213.6
"Indonesia","2002",403882800,403.88,210.42
"Indonesia","2003",384244800,384.24,200.19
"Indonesia","2004",452182200,452.18,235.58
"Indonesia","2005",549537600,549.54,286.3
"Indonesia","2006",448960200,448.96,233.9
"Indonesia","2007",466593600,466.59,243.09
"Indonesia","1994",322072800,322.07,167.8
"Indonesia","1995",274405800,274.41,142.96
"Indonesia","1996",493234800,493.23,256.97
"Indonesia","1997",457246800,457.25,238.22
"Indonesia","2010",547710600,547.71,285.35
"Indonesia","2011",413335200,413.34,215.34
"Indonesia","2012",784202400,784.2,408.56
"Indonesia","2013",774057000,774.06,403.27
"Indonesia","2014",656776800,656.78,342.17
"Indonesia","2015",755128800,755.13,393.41
"Indonesia","2016",692461800,692.46,360.76
"Indonesia","1992",334168800,334.17,174.1
"Indonesia","1993",404597400,404.6,210.79
"Indonesia","2018",565055400,565.06,294.39
"Indonesia","2009",682780200,682.78,355.72
"Indonesia","2017",651139200,651.14,339.23
"Jamaica","1990",1354200,1.35,123.21
"Jamaica","1991",2339400,2.34,212.85
"Jamaica","1992",1534800,1.53,139.64
"Jamaica","1993",2057400,2.06,187.19
"Jamaica","1994",2676000,2.68,243.47
"Jamaica","1995",2584800,2.58,235.17
"Jamaica","1996",3231600,3.23,294.02
"Jamaica","1997",2821200,2.82,256.68
"Jamaica","1998",1744800,1.74,158.75
"Jamaica","1999",2278200,2.28,207.28
"Jamaica","2000",2212800,2.21,201.33
"Jamaica","2001",1846200,1.85,167.97
"Jamaica","2002",2227200,2.23,202.64
"Jamaica","2003",2247000,2.25,204.44
"Jamaica","2004",1278600,1.28,116.33
"Jamaica","2005",2056800,2.06,187.13
"Jamaica","2006",2407200,2.41,219.02
"Jamaica","2007",1210800,1.21,110.16
"Jamaica","2008",1913400,1.91,174.09
"Jamaica","2009",1504800,1.5,136.91
"Jamaica","2010",1233000,1.23,112.18
"Jamaica","2011",1440600,1.44,131.07
"Jamaica","2012",1423200,1.42,129.49
"Jamaica","2013",1189800,1.19,108.25
"Jamaica","2014",1263000,1.26,114.91
"Jamaica","2015",1200600,1.2,109.23
"Jamaica","2016",1082400,1.08,98.48
"Jamaica","2017",1143000,1.14,103.99
"Jamaica","2018",1071000,1.07,97.44
"Kenya","1990",89107800,89.11,152.94
"Kenya","1991",90843000,90.84,155.91
"Kenya","1992",78933000,78.93,135.47
"Kenya","1993",79686600,79.69,136.77
"Kenya","1994",99787800,99.79,171.27
"Kenya","1995",99853800,99.85,171.38
"Kenya","1996",74805000,74.81,128.39
"Kenya","1997",52917600,52.92,90.82
"Kenya","1998",70372800,70.37,120.78
"Kenya","1999",90113400,90.11,154.66
"Kenya","2000",60111600,60.11,103.17
"Kenya","2001",59431800,59.43,102
"Kenya","2002",56724000,56.72,97.36
"Kenya","2003",40405200,40.41,69.35
"Kenya","2004",44134800,44.13,75.75
"Kenya","2005",39608400,39.61,67.98
"Kenya","2006",49564800,49.56,85.07
"Kenya","2007",39126000,39.13,67.15
"Kenya","2008",32464800,32.46,55.72
"Kenya","2009",37784400,37.78,64.85
"Kenya","2010",38452200,38.45,66
"Kenya","2011",45439200,45.44,77.99
"Kenya","2012",52527000,52.53,90.15
"Kenya","2013",50577000,50.58,86.81
"Kenya","2014",46185600,46.19,79.27
"Kenya","2015",47950200,47.95,82.3
"Kenya","2016",47566200,47.57,81.64
"Kenya","2017",47371200,47.37,81.3
"Kenya","2018",55825200,55.83,95.81
"Laos","1990",0,0,0
"Laos","1991",0,0,0
"Laos","1992",0,0,0
"Laos","1993",0,0,0
"Laos","1994",0,0,0
"Laos","1995",0,0,0
"Laos","1996",0,0,0
"Laos","1997",0,0,0
"Laos","1998",10285200,10.29,43.43
"Laos","1999",14326200,14.33,60.5
"Laos","2000",12730800,12.73,53.76
"Laos","2001",15489000,15.49,65.41
"Laos","2002",24120000,24.12,101.86
"Laos","2003",21687600,21.69,91.59
"Laos","2004",22766400,22.77,96.14
"Laos","2005",16779000,16.78,70.86
"Laos","2006",23466000,23.47,99.1
"Laos","2007",23587200,23.59,99.61
"Laos","2008",24336600,24.34,102.77
"Laos","2009",26032200,26.03,109.93
"Laos","2010",32661600,32.66,137.93
"Laos","2011",30840000,30.84,130.24
"Laos","2012",32430000,32.43,136.95
"Laos","2013",32665200,32.67,137.94
"Laos","2014",33149400,33.15,139.99
"Laos","2015",32109600,32.11,135.6
"Laos","2016",30619800,30.62,129.31
"Laos","2017",32002200,32,135.14
"Laos","2018",30197400,30.2,127.52
"Liberia","1990",180000,0.18,1.62
"Liberia","1991",180000,0.18,1.62
"Liberia","1992",180000,0.18,1.62
"Liberia","1993",3e+05,0.3,2.69
"Liberia","1994",3e+05,0.3,2.69
"Liberia","1995",3e+05,0.3,2.69
"Liberia","1996",3e+05,0.3,2.69
"Liberia","1997",3e+05,0.3,2.69
"Liberia","1998",1066800,1.07,9.58
"Liberia","1999",729600,0.73,6.55
"Liberia","2000",738000,0.74,6.63
"Liberia","2001",709800,0.71,6.37
"Liberia","2002",748800,0.75,6.72
"Liberia","2003",304800,0.3,2.74
"Liberia","2004",346800,0.35,3.11
"Liberia","2005",321600,0.32,2.89
"Liberia","2006",403800,0.4,3.63
"Liberia","2007",411000,0.41,3.69
"Liberia","2008",744600,0.74,6.69
"Liberia","2009",761400,0.76,6.84
"Liberia","2010",626400,0.63,5.62
"Liberia","2011",614400,0.61,5.52
"Liberia","2012",607200,0.61,5.45
"Liberia","2013",356400,0.36,3.2
"Liberia","2014",424200,0.42,3.81
"Liberia","2015",603000,0.6,5.41
"Liberia","2016",725400,0.73,6.51
"Liberia","2017",978000,0.98,8.78
"Liberia","2018",438000,0.44,3.93
"Madagascar","1992",67300800,67.3,114.64
"Madagascar","1993",26511600,26.51,45.16
"Madagascar","1991",55950600,55.95,95.31
"Madagascar","1996",50940600,50.94,86.78
"Madagascar","1997",37428000,37.43,63.76
"Madagascar","1995",47100600,47.1,80.23
"Madagascar","2000",21729600,21.73,37.02
"Madagascar","2001",8834400,8.83,15.05
"Madagascar","1998",59508000,59.51,101.37
"Madagascar","1999",25639200,25.64,43.68
"Madagascar","2018",23782800,23.78,40.51
"Madagascar","2004",31299600,31.3,53.32
"Madagascar","2005",35949000,35.95,61.24
"Madagascar","1994",38482200,38.48,65.55
"Madagascar","2009",27417600,27.42,46.7
"Madagascar","2010",31783200,31.78,54.14
"Madagascar","2011",35091000,35.09,59.78
"Madagascar","2012",29982600,29.98,51.07
"Madagascar","2013",35068800,35.07,59.74
"Madagascar","2014",30087000,30.09,51.25
"Madagascar","2015",25512600,25.51,43.46
"Madagascar","2016",25249200,25.25,43.01
"Madagascar","2017",24526800,24.53,41.78
"Madagascar","1990",58947000,58.95,100.41
"Madagascar","2008",43661400,43.66,74.38
"Madagascar","2006",35190600,35.19,59.95
"Madagascar","2007",36850200,36.85,62.77
"Madagascar","2003",26079600,26.08,44.43
"Madagascar","2002",26727600,26.73,45.53
"Malawi","1991",7457400,7.46,62.94
"Malawi","2008",1245000,1.25,10.51
"Malawi","2009",1015200,1.02,8.57
"Malawi","1990",6277800,6.28,52.99
"Malawi","2012",1369800,1.37,11.56
"Malawi","2013",1667400,1.67,14.07
"Malawi","2010",1015800,1.02,8.57
"Malawi","2011",1549800,1.55,13.08
"Malawi","2003",2889600,2.89,24.39
"Malawi","2004",1236600,1.24,10.44
"Malawi","2005",1465200,1.47,12.37
"Malawi","2006",999600,1,8.44
"Malawi","2007",1128600,1.13,9.53
"Malawi","1994",5046600,5.05,42.59
"Malawi","1995",5474400,5.47,46.21
"Malawi","1996",2919000,2.92,24.64
"Malawi","1997",3649200,3.65,30.8
"Malawi","1998",3859200,3.86,32.57
"Malawi","1999",3540000,3.54,29.88
"Malawi","2000",3788400,3.79,31.98
"Malawi","2001",3623400,3.62,30.58
"Malawi","2002",2547600,2.55,21.5
"Malawi","2015",1272000,1.27,10.74
"Malawi","2016",1171200,1.17,9.89
"Malawi","1992",8229600,8.23,69.46
"Malawi","1993",3726600,3.73,31.45
"Malawi","2014",1482600,1.48,12.51
"Malawi","2017",868200,0.87,7.33
"Malawi","2018",771000,0.77,6.51
"Mexico","1990",280454400,280.45,142.18
"Mexico","1991",283632600,283.63,143.79
"Mexico","1992",204048600,204.05,103.44
"Mexico","1993",301409400,301.41,152.8
"Mexico","1994",249526800,249.53,126.5
"Mexico","1995",317993400,317.99,161.21
"Mexico","1996",306573000,306.57,155.42
"Mexico","1997",288093600,288.09,146.05
"Mexico","1998",288081000,288.08,146.04
"Mexico","1999",373120800,373.12,189.16
"Mexico","2000",288898800,288.9,146.46
"Mexico","2001",266304000,266.3,135
"Mexico","2002",261085800,261.09,132.36
"Mexico","2003",252061200,252.06,127.78
"Mexico","2004",232041000,232.04,117.64
"Mexico","2005",253479600,253.48,128.5
"Mexico","2006",252020400,252.02,127.76
"Mexico","2007",249019200,249.02,126.24
"Mexico","2008",279039000,279.04,141.46
"Mexico","2009",246517200,246.52,124.97
"Mexico","2010",240085800,240.09,121.71
"Mexico","2011",273663600,273.66,138.74
"Mexico","2012",259616400,259.62,131.61
"Mexico","2013",234988800,234.99,119.13
"Mexico","2014",218184000,218.18,110.61
"Mexico","2015",166322400,166.32,84.32
"Mexico","2016",218117400,218.12,110.58
"Mexico","2017",269074800,269.07,136.41
"Mexico","2018",261042000,261.04,132.34
"Nepal","1990",0,0,0
"Nepal","1991",0,0,0
"Nepal","1992",0,0,0
"Nepal","1993",0,0,0
"Nepal","1994",0,0,0
"Nepal","1995",0,0,0
"Nepal","1996",0,0,0
"Nepal","1997",0,0,0
"Nepal","1998",0,0,0
"Nepal","1999",0,0,0
"Nepal","2000",0,0,0
"Nepal","2001",0,0,0
"Nepal","2002",0,0,0
"Nepal","2003",54000,0.05,0.37
"Nepal","2004",57000,0.06,0.39
"Nepal","2005",78000,0.08,0.53
"Nepal","2006",135000,0.14,0.92
"Nepal","2007",75600,0.08,0.51
"Nepal","2008",87600,0.09,0.6
"Nepal","2009",66600,0.07,0.45
"Nepal","2010",184800,0.18,1.26
"Nepal","2011",120600,0.12,0.82
"Nepal","2012",72600,0.07,0.49
"Nepal","2013",54600,0.05,0.37
"Nepal","2014",128400,0.13,0.87
"Nepal","2015",100800,0.1,0.68
"Nepal","2016",85800,0.09,0.58
"Nepal","2017",147000,0.15,1
"Nepal","2018",41400,0.04,0.28
"Nicaragua","1990",27664800,27.66,213.64
"Nicaragua","1991",42424200,42.42,327.62
"Nicaragua","1992",32837400,32.84,253.58
"Nicaragua","1993",42367800,42.37,327.18
"Nicaragua","1994",40978200,40.98,316.45
"Nicaragua","1995",59080800,59.08,456.24
"Nicaragua","1996",47598000,47.6,367.57
"Nicaragua","1997",65011200,65.01,502.04
"Nicaragua","1998",64384800,64.38,497.2
"Nicaragua","1999",93243000,93.24,720.06
"Nicaragua","2000",94345800,94.35,728.57
"Nicaragua","2001",64725000,64.72,499.83
"Nicaragua","2002",70201200,70.2,542.12
"Nicaragua","2003",90546000,90.55,699.23
"Nicaragua","2004",64084800,64.08,494.89
"Nicaragua","2005",85908600,85.91,663.42
"Nicaragua","2006",85675800,85.68,661.62
"Nicaragua","2007",114340200,114.34,882.98
"Nicaragua","2008",86683800,86.68,669.4
"Nicaragua","2009",112267200,112.27,866.97
"Nicaragua","2010",98269200,98.27,758.87
"Nicaragua","2011",131605200,131.61,1016.3
"Nicaragua","2012",112408200,112.41,868.06
"Nicaragua","2013",123591600,123.59,954.42
"Nicaragua","2014",113860800,113.86,879.27
"Nicaragua","2015",127825200,127.83,987.11
"Nicaragua","2016",153318000,153.32,1183.98
"Nicaragua","2017",157037400,157.04,1212.7
"Nicaragua","2018",150616800,150.62,1163.12
"Nigeria","1990",1751400,1.75,1.9
"Nigeria","1991",2658600,2.66,2.88
"Nigeria","1992",2932800,2.93,3.17
"Nigeria","1993",2719200,2.72,2.94
"Nigeria","1994",3097800,3.1,3.35
"Nigeria","1995",3182400,3.18,3.45
"Nigeria","1996",2758800,2.76,2.99
"Nigeria","1997",2680200,2.68,2.9
"Nigeria","1998",3204600,3.2,3.47
"Nigeria","1999",2704200,2.7,2.93
"Nigeria","2000",2965800,2.97,3.21
"Nigeria","2001",2640000,2.64,2.86
"Nigeria","2002",2988600,2.99,3.24
"Nigeria","2003",2769000,2.77,3
"Nigeria","2004",2708400,2.71,2.93
"Nigeria","2005",4114200,4.11,4.45
"Nigeria","2006",3044400,3.04,3.3
"Nigeria","2007",2530200,2.53,2.74
"Nigeria","2008",3e+06,3,3.25
"Nigeria","2009",2056200,2.06,2.23
"Nigeria","2010",2523600,2.52,2.73
"Nigeria","2011",2812800,2.81,3.04
"Nigeria","2012",2445600,2.45,2.65
"Nigeria","2013",2451600,2.45,2.65
"Nigeria","2014",2568000,2.57,2.78
"Nigeria","2015",2476800,2.48,2.68
"Nigeria","2016",2599200,2.6,2.81
"Nigeria","2017",2537400,2.54,2.75
"Nigeria","2018",2497200,2.5,2.7
"Panama","1990",12899400,12.9,164.95
"Panama","1991",11551800,11.55,147.72
"Panama","1992",11818800,11.82,151.14
"Panama","1993",8524200,8.52,109.01
"Panama","1994",14898600,14.9,190.52
"Panama","1995",12567000,12.57,160.7
"Panama","1996",12644400,12.64,161.69
"Panama","1997",13048200,13.05,166.86
"Panama","1998",11520000,11.52,147.31
"Panama","1999",9982800,9.98,127.66
"Panama","2000",10213800,10.21,130.61
"Panama","2001",9596400,9.6,122.72
"Panama","2002",8397600,8.4,107.39
"Panama","2003",10323600,10.32,132.02
"Panama","2004",5423400,5.42,69.35
"Panama","2005",10579800,10.58,135.29
"Panama","2006",10386000,10.39,132.81
"Panama","2007",10563600,10.56,135.08
"Panama","2008",8949600,8.95,114.45
"Panama","2009",8264400,8.26,105.68
"Panama","2010",6831000,6.83,87.35
"Panama","2011",6337800,6.34,81.05
"Panama","2012",6931200,6.93,88.63
"Panama","2013",6808200,6.81,87.06
"Panama","2014",6373200,6.37,81.5
"Panama","2015",7624800,7.62,97.5
"Panama","2016",7211400,7.21,92.22
"Panama","2017",6273600,6.27,80.23
"Panama","2018",7818000,7.82,99.97
"Papua New Guinea","1992",54006600,54.01,116.69
"Papua New Guinea","1993",61168800,61.17,132.16
"Papua New Guinea","1996",65361000,65.36,141.22
"Papua New Guinea","1997",64441200,64.44,139.23
"Papua New Guinea","1994",68319600,68.32,147.61
"Papua New Guinea","1991",44809200,44.81,96.81
"Papua New Guinea","2000",62444400,62.44,134.92
"Papua New Guinea","2001",63755400,63.76,137.75
"Papua New Guinea","1998",81129000,81.13,175.29
"Papua New Guinea","1995",60141600,60.14,129.94
"Papua New Guinea","2018",55822200,55.82,120.61
"Papua New Guinea","2004",59850600,59.85,129.31
"Papua New Guinea","2005",76087800,76.09,164.39
"Papua New Guinea","2006",48433200,48.43,104.64
"Papua New Guinea","2007",58062600,58.06,125.45
"Papua New Guinea","2008",61659000,61.66,133.22
"Papua New Guinea","2009",62279400,62.28,134.56
"Papua New Guinea","2010",51991200,51.99,112.33
"Papua New Guinea","1999",83223000,83.22,179.81
"Papua New Guinea","2014",47853600,47.85,103.39
"Papua New Guinea","2015",42718800,42.72,92.3
"Papua New Guinea","2016",70268400,70.27,151.82
"Papua New Guinea","2017",44036400,44.04,95.14
"Papua New Guinea","1990",57770400,57.77,124.82
"Papua New Guinea","2012",42989400,42.99,92.88
"Papua New Guinea","2013",50121600,50.12,108.29
"Papua New Guinea","2011",84831000,84.83,183.28
"Papua New Guinea","2003",69296400,69.3,149.72
"Papua New Guinea","2002",65109000,65.11,140.67
"Paraguay","1992",3257400,3.26,8.01
"Paraguay","1991",4779000,4.78,11.75
"Paraguay","1996",1533600,1.53,3.77
"Paraguay","1990",7837800,7.84,19.27
"Paraguay","1995",1370400,1.37,3.37
"Paraguay","2013",1200600,1.2,2.95
"Paraguay","1993",4203000,4.2,10.33
"Paraguay","1994",1481400,1.48,3.64
"Paraguay","2003",3103800,3.1,7.63
"Paraguay","2004",1574400,1.57,3.87
"Paraguay","2005",2714400,2.71,6.67
"Paraguay","2006",1545000,1.54,3.8
"Paraguay","2007",2317800,2.32,5.7
"Paraguay","2008",1201200,1.2,2.95
"Paraguay","2009",1201200,1.2,2.95
"Paraguay","2010",1212000,1.21,2.98
"Paraguay","2011",1201200,1.2,2.95
"Paraguay","2012",1200600,1.2,2.95
"Paraguay","1999",1214400,1.21,2.99
"Paraguay","2000",2544000,2.54,6.25
"Paraguay","2001",1176000,1.18,2.89
"Paraguay","2002",1563000,1.56,3.84
"Paraguay","2015",1200000,1.2,2.95
"Paraguay","2016",1200600,1.2,2.95
"Paraguay","2017",1200000,1.2,2.95
"Paraguay","2018",1200600,1.2,2.95
"Paraguay","1998",3501000,3.5,8.61
"Paraguay","1997",1402800,1.4,3.45
"Paraguay","2014",1204200,1.2,2.96
"Peru","2005",149329800,149.33,116.19
"Peru","2006",259143600,259.14,201.63
"Peru","1996",108351600,108.35,84.31
"Peru","1997",115797600,115.8,90.1
"Peru","1998",126138000,126.14,98.15
"Peru","2004",205509600,205.51,159.9
"Peru","2000",160535400,160.54,124.91
"Peru","2001",169737000,169.74,132.07
"Peru","2002",180019200,180.02,140.07
"Peru","2003",161159400,161.16,125.39
"Peru","2018",255800400,255.8,199.03
"Peru","1991",72028200,72.03,56.04
"Peru","1992",105717000,105.72,82.26
"Peru","1993",39930000,39.93,31.07
"Peru","1994",70717800,70.72,55.02
"Peru","1995",112256400,112.26,87.34
"Peru","2009",197165400,197.17,153.41
"Peru","2010",244129200,244.13,189.95
"Peru","1999",164611800,164.61,128.08
"Peru","2014",172993800,172.99,134.6
"Peru","2015",198213000,198.21,154.22
"Peru","2016",253372800,253.37,197.14
"Peru","2017",256744800,256.74,199.77
"Peru","1990",56197800,56.2,43.73
"Peru","2008",232335600,232.34,180.77
"Peru","2013",246374400,246.37,191.7
"Peru","2007",183775800,183.78,142.99
"Peru","2012",267003000,267,207.75
"Peru","2011",322351800,322.35,250.81
"Philippines","1990",58417800,58.42,194.73
"Philippines","1991",61108800,61.11,203.7
"Philippines","1992",55191000,55.19,183.97
"Philippines","1993",52491600,52.49,174.97
"Philippines","1994",52605600,52.61,175.35
"Philippines","1995",50975400,50.98,169.92
"Philippines","1996",53389200,53.39,177.96
"Philippines","1997",56128200,56.13,187.09
"Philippines","1998",40603800,40.6,135.35
"Philippines","1999",37305600,37.31,124.35
"Philippines","2000",20455200,20.46,68.18
"Philippines","2001",15760800,15.76,52.54
"Philippines","2002",15312600,15.31,51.04
"Philippines","2003",17561400,17.56,58.54
"Philippines","2004",21288600,21.29,70.96
"Philippines","2005",25940400,25.94,86.47
"Philippines","2006",26466600,26.47,88.22
"Philippines","2007",26736600,26.74,89.12
"Philippines","2008",35209800,35.21,117.37
"Philippines","2009",43825200,43.83,146.08
"Philippines","2010",11343000,11.34,37.81
"Philippines","2011",10779600,10.78,35.93
"Philippines","2012",10647600,10.65,35.49
"Philippines","2013",11140800,11.14,37.14
"Philippines","2014",11592600,11.59,38.64
"Philippines","2015",12484200,12.48,41.61
"Philippines","2016",12878400,12.88,42.93
"Philippines","2017",12199200,12.2,40.66
"Philippines","2018",12372600,12.37,41.24
"Rwanda","1992",38332800,38.33,1455.42
"Rwanda","1991",29029800,29.03,1102.2
"Rwanda","1996",17580000,17.58,667.48
"Rwanda","1990",32092800,32.09,1218.5
"Rwanda","1995",19744800,19.74,749.67
"Rwanda","2013",15463800,15.46,587.13
"Rwanda","2014",14300400,14.3,542.96
"Rwanda","2015",17557800,17.56,666.63
"Rwanda","2016",13865400,13.87,526.44
"Rwanda","2017",15224400,15.22,578.04
"Rwanda","2018",16079400,16.08,610.5
"Rwanda","1993",26617200,26.62,1010.6
"Rwanda","1994",1347000,1.35,51.14
"Rwanda","2008",22123800,22.12,840
"Rwanda","2009",15536400,15.54,589.89
"Rwanda","2010",19375200,19.38,735.64
"Rwanda","2011",15064200,15.06,571.96
"Rwanda","2012",15513600,15.51,589.02
"Rwanda","1999",18436800,18.44,700.01
"Rwanda","2000",16401600,16.4,622.74
"Rwanda","2001",17730600,17.73,673.19
"Rwanda","2002",19180800,19.18,728.26
"Rwanda","2003",15944400,15.94,605.38
"Rwanda","2004",26983800,26.98,1024.52
"Rwanda","2005",20220600,20.22,767.73
"Rwanda","2006",21060600,21.06,799.63
"Rwanda","2007",13442400,13.44,510.38
"Rwanda","1997",11605200,11.61,440.63
"Rwanda","1998",13358400,13.36,507.19
"Sierra Leone","1990",2566800,2.57,35.78
"Sierra Leone","1991",3262800,3.26,45.48
"Sierra Leone","1992",2344800,2.34,32.68
"Sierra Leone","1993",2247000,2.25,31.32
"Sierra Leone","1994",4364400,4.36,60.84
"Sierra Leone","1995",2626200,2.63,36.61
"Sierra Leone","1996",2454600,2.45,34.22
"Sierra Leone","1997",2980800,2.98,41.55
"Sierra Leone","1998",1612800,1.61,22.48
"Sierra Leone","1999",3541200,3.54,49.36
"Sierra Leone","2000",2949600,2.95,41.12
"Sierra Leone","2001",4752000,4.75,66.24
"Sierra Leone","2002",2503800,2.5,34.9
"Sierra Leone","2003",2131200,2.13,29.71
"Sierra Leone","2004",871800,0.87,12.15
"Sierra Leone","2005",3598200,3.6,50.16
"Sierra Leone","2006",1888200,1.89,26.32
"Sierra Leone","2007",2400000,2.4,33.45
"Sierra Leone","2008",5177400,5.18,72.17
"Sierra Leone","2009",5442000,5.44,75.86
"Sierra Leone","2010",1974600,1.97,27.52
"Sierra Leone","2011",4698000,4.7,65.49
"Sierra Leone","2012",3670800,3.67,51.17
"Sierra Leone","2013",1903800,1.9,26.54
"Sierra Leone","2014",2787000,2.79,38.85
"Sierra Leone","2015",2755800,2.76,38.41
"Sierra Leone","2016",2275200,2.28,31.71
"Sierra Leone","2017",2277000,2.28,31.74
"Sierra Leone","2018",1859400,1.86,25.92
"Sri Lanka","1990",5752200,5.75,87.67
"Sri Lanka","1991",4893000,4.89,74.58
"Sri Lanka","1992",3190800,3.19,48.63
"Sri Lanka","1993",3227400,3.23,49.19
"Sri Lanka","1994",2547000,2.55,38.82
"Sri Lanka","1995",2135400,2.14,32.55
"Sri Lanka","1996",2220000,2.22,33.84
"Sri Lanka","1997",3454800,3.45,52.66
"Sri Lanka","1998",2744400,2.74,41.83
"Sri Lanka","1999",1903200,1.9,29.01
"Sri Lanka","2000",1996800,2,30.43
"Sri Lanka","2001",1891800,1.89,28.83
"Sri Lanka","2002",2062800,2.06,31.44
"Sri Lanka","2003",2213400,2.21,33.74
"Sri Lanka","2004",1898400,1.9,28.93
"Sri Lanka","2005",2096400,2.1,31.95
"Sri Lanka","2006",1972800,1.97,30.07
"Sri Lanka","2007",2009400,2.01,30.63
"Sri Lanka","2008",1851600,1.85,28.22
"Sri Lanka","2009",1890000,1.89,28.81
"Sri Lanka","2010",2225400,2.23,33.92
"Sri Lanka","2011",2142000,2.14,32.65
"Sri Lanka","2012",2115000,2.12,32.24
"Sri Lanka","2013",2224800,2.22,33.91
"Sri Lanka","2014",2142000,2.14,32.65
"Sri Lanka","2015",2171400,2.17,33.1
"Sri Lanka","2016",2203200,2.2,33.58
"Sri Lanka","2017",2206800,2.21,33.64
"Sri Lanka","2018",2164200,2.16,32.99
"Tanzania","1990",55906800,55.91,59.16
"Tanzania","1991",47398800,47.4,50.15
"Tanzania","1992",47185800,47.19,49.93
"Tanzania","1993",44062800,44.06,46.62
"Tanzania","1994",40741200,40.74,43.11
"Tanzania","1995",53827200,53.83,56.95
"Tanzania","1996",45836400,45.84,48.5
"Tanzania","1997",37426800,37.43,39.6
"Tanzania","1998",44358600,44.36,46.94
"Tanzania","1999",50533200,50.53,53.47
"Tanzania","2000",48532200,48.53,51.35
"Tanzania","2001",37445400,37.45,39.62
"Tanzania","2002",49416600,49.42,52.29
"Tanzania","2003",36703800,36.7,38.84
"Tanzania","2004",45790800,45.79,48.45
"Tanzania","2005",48264600,48.26,51.07
"Tanzania","2006",49308600,49.31,52.17
"Tanzania","2007",48588000,48.59,51.41
"Tanzania","2008",71176800,71.18,75.31
"Tanzania","2009",40495800,40.5,42.85
"Tanzania","2010",50754600,50.75,53.7
"Tanzania","2011",38462400,38.46,40.7
"Tanzania","2012",69067200,69.07,73.08
"Tanzania","2013",48656400,48.66,51.48
"Tanzania","2014",45160200,45.16,47.78
"Tanzania","2015",55810200,55.81,59.05
"Tanzania","2016",50765400,50.77,53.72
"Tanzania","2017",47004000,47,49.74
"Tanzania","2018",70491600,70.49,74.59
"Thailand","1990",45421200,45.42,88.37
"Thailand","1991",88136400,88.14,171.47
"Thailand","1992",75296400,75.3,146.49
"Thailand","1993",76512000,76.51,148.86
"Thailand","1994",83947800,83.95,163.32
"Thailand","1995",79033800,79.03,153.76
"Thailand","1996",84214800,84.21,163.84
"Thailand","1997",77584800,77.58,150.94
"Thailand","1998",54959400,54.96,106.92
"Thailand","1999",76370400,76.37,148.58
"Thailand","2000",101533800,101.53,197.54
"Thailand","2001",42870000,42.87,83.4
"Thailand","2002",43914000,43.91,85.44
"Thailand","2003",49594200,49.59,96.49
"Thailand","2004",53062800,53.06,103.24
"Thailand","2005",63838200,63.84,124.2
"Thailand","2006",49348200,49.35,96.01
"Thailand","2007",39025200,39.03,75.92
"Thailand","2008",40473600,40.47,78.74
"Thailand","2009",47688000,47.69,92.78
"Thailand","2010",49690200,49.69,96.67
"Thailand","2011",49876800,49.88,97.04
"Thailand","2012",36485400,36.49,70.98
"Thailand","2013",38280000,38.28,74.47
"Thailand","2014",50693400,50.69,98.63
"Thailand","2015",45718800,45.72,88.95
"Thailand","2016",32252400,32.25,62.75
"Thailand","2017",38293800,38.29,74.5
"Thailand","2018",28920600,28.92,56.27
"Togo","1990",9678600,9.68,170.44
"Togo","1991",25959000,25.96,457.15
"Togo","1992",5139000,5.14,90.5
"Togo","1993",11696400,11.7,205.98
"Togo","1994",10578000,10.58,186.28
"Togo","1995",5064000,5.06,89.18
"Togo","1996",17435400,17.44,307.04
"Togo","1997",13264800,13.26,233.6
"Togo","1998",19289400,19.29,339.69
"Togo","1999",15768600,15.77,277.69
"Togo","2000",11844000,11.84,208.58
"Togo","2001",6721200,6.72,118.36
"Togo","2002",4092000,4.09,72.06
"Togo","2003",8627400,8.63,151.93
"Togo","2004",9931200,9.93,174.89
"Togo","2005",8404800,8.4,148.01
"Togo","2006",8037000,8.04,141.53
"Togo","2007",7507800,7.51,132.21
"Togo","2008",8265000,8.27,145.55
"Togo","2009",12112800,12.11,213.31
"Togo","2010",9617400,9.62,169.37
"Togo","2011",9603000,9.6,169.11
"Togo","2012",5043600,5.04,88.82
"Togo","2013",10290600,10.29,181.22
"Togo","2014",8594400,8.59,151.35
"Togo","2015",4855200,4.86,85.5
"Togo","2016",1396800,1.4,24.6
"Togo","2017",6883200,6.88,121.22
"Togo","2018",4459800,4.46,78.54
"Uganda","1990",117300600,117.3,496.95
"Uganda","1991",125280000,125.28,530.76
"Uganda","1992",131104200,131.1,555.43
"Uganda","1993",188502600,188.5,798.6
"Uganda","1994",143565000,143.56,608.22
"Uganda","1995",194614800,194.61,824.5
"Uganda","1996",205123200,205.12,869.02
"Uganda","1997",206392200,206.39,874.4
"Uganda","1998",203150400,203.15,860.66
"Uganda","1999",171747000,171.75,727.62
"Uganda","2000",204040800,204.04,864.43
"Uganda","2001",189466800,189.47,802.69
"Uganda","2002",173403600,173.4,734.64
"Uganda","2003",155911800,155.91,660.53
"Uganda","2004",156757200,156.76,664.11
"Uganda","2005",130512000,130.51,552.92
"Uganda","2006",173649600,173.65,735.68
"Uganda","2007",209379000,209.38,887.05
"Uganda","2008",200110200,200.11,847.78
"Uganda","2009",173632800,173.63,735.61
"Uganda","2010",196033800,196.03,830.51
"Uganda","2011",186903600,186.9,791.83
"Uganda","2012",234810000,234.81,994.79
"Uganda","2013",217972200,217.97,923.45
"Uganda","2014",224668800,224.67,951.83
"Uganda","2015",218974200,218.97,927.7
"Uganda","2016",297729600,297.73,1261.35
"Uganda","2017",275808600,275.81,1168.48
"Uganda","2018",282237600,282.24,1195.72
"Vietnam","1990",78617400,78.62,238.55
"Vietnam","1991",86271000,86.27,261.78
"Vietnam","1992",140427000,140.43,426.1
"Vietnam","1993",181213200,181.21,549.86
"Vietnam","1994",217896600,217.9,661.17
"Vietnam","1995",238205400,238.21,722.8
"Vietnam","1996",345148800,345.15,1047.3
"Vietnam","1997",418736400,418.74,1270.59
"Vietnam","1998",423103200,423.1,1283.84
"Vietnam","1999",697854600,697.85,2117.53
"Vietnam","2000",890478600,890.48,2702.02
"Vietnam","2001",785594400,785.59,2383.77
"Vietnam","2002",694435800,694.44,2107.16
"Vietnam","2003",920241000,920.24,2792.33
"Vietnam","2004",862227000,862.23,2616.3
"Vietnam","2005",830510400,830.51,2520.06
"Vietnam","2006",1160385000,1160.38,3521.01
"Vietnam","2007",984306000,984.31,2986.73
"Vietnam","2008",1106287200,1106.29,3356.86
"Vietnam","2009",1069521000,1069.52,3245.3
"Vietnam","2010",1.2e+09,1200,3641.22
"Vietnam","2011",1589976600,1589.98,4824.54
"Vietnam","2012",1404126600,1404.13,4260.61
"Vietnam","2013",1656586800,1656.59,5026.66
"Vietnam","2014",1589990400,1589.99,4824.59
"Vietnam","2015",1724195400,1724.2,5231.81
"Vietnam","2016",1532417400,1532.42,4649.89
"Vietnam","2017",1673259600,1673.26,5077.25
"Vietnam","2018",1870444200,1870.44,5675.58
"Yemen","1990",0,0,0
"Yemen","1991",0,0,0
"Yemen","1992",0,0,0
"Yemen","1993",0,0,0
"Yemen","1994",0,0,0
"Yemen","1995",0,0,0
"Yemen","1996",0,0,0
"Yemen","1997",0,0,0
"Yemen","1998",4122000,4.12,7.81
"Yemen","1999",3634800,3.63,6.88
"Yemen","2000",3836400,3.84,7.27
"Yemen","2001",3733200,3.73,7.07
"Yemen","2002",3404400,3.4,6.45
"Yemen","2003",11598000,11.6,21.97
"Yemen","2004",12333600,12.33,23.36
"Yemen","2005",12190800,12.19,23.09
"Yemen","2006",12433800,12.43,23.55
"Yemen","2007",11877000,11.88,22.5
"Yemen","2008",13188000,13.19,24.98
"Yemen","2009",8110800,8.11,15.36
"Yemen","2010",9670200,9.67,18.32
"Yemen","2011",11104200,11.1,21.03
"Yemen","2012",11251800,11.25,21.31
"Yemen","2013",11238000,11.24,21.29
"Yemen","2014",10702800,10.7,20.27
"Yemen","2015",9375000,9.38,17.76
"Yemen","2016",8607000,8.61,16.3
"Yemen","2017",7927800,7.93,15.02
"Yemen","2018",6364200,6.36,12.05
"Zambia","1990",1361400,1.36,1.81
"Zambia","1991",1748400,1.75,2.32
"Zambia","1992",1758600,1.76,2.34
"Zambia","1993",1596600,1.6,2.12
"Zambia","1994",1287000,1.29,1.71
"Zambia","1995",1579800,1.58,2.1
"Zambia","1996",1981200,1.98,2.63
"Zambia","1997",2307600,2.31,3.07
"Zambia","1998",3701400,3.7,4.92
"Zambia","1999",3523800,3.52,4.68
"Zambia","2000",5602200,5.6,7.44
"Zambia","2001",5980200,5.98,7.95
"Zambia","2002",7135800,7.14,9.48
"Zambia","2003",6019800,6.02,8
"Zambia","2004",6622800,6.62,8.8
"Zambia","2005",6176400,6.18,8.21
"Zambia","2006",3364200,3.36,4.47
"Zambia","2007",3688200,3.69,4.9
"Zambia","2008",2082000,2.08,2.77
"Zambia","2009",1693200,1.69,2.25
"Zambia","2010",790800,0.79,1.05
"Zambia","2011",671400,0.67,0.89
"Zambia","2012",322200,0.32,0.43
"Zambia","2013",645000,0.64,0.86
"Zambia","2014",156600,0.16,0.21
"Zambia","2015",221400,0.22,0.29
"Zambia","2016",799200,0.8,1.06
"Zambia","2017",1117200,1.12,1.48
"Zambia","2018",1209000,1.21,1.61
"Zimbabwe","2017",408000,0.41,1.04
"Zimbabwe","2018",530400,0.53,1.36
"Zimbabwe","2008",1455000,1.46,3.73
"Zimbabwe","2009",1282200,1.28,3.28
"Zimbabwe","2010",605400,0.61,1.55
"Zimbabwe","2011",531600,0.53,1.36
"Zimbabwe","2012",439200,0.44,1.12
"Zimbabwe","2013",518400,0.52,1.33
"Zimbabwe","2014",900600,0.9,2.31
"Zimbabwe","2015",856800,0.86,2.19
"Zimbabwe","2016",907200,0.91,2.32
"Zimbabwe","1990",15114000,15.11,38.7
"Zimbabwe","1991",12083400,12.08,30.94
"Zimbabwe","1992",4669200,4.67,11.95
"Zimbabwe","1993",696000,0.7,1.78
"Zimbabwe","1994",6378000,6.38,16.33
"Zimbabwe","1995",7838400,7.84,20.07
"Zimbabwe","1996",10463400,10.46,26.79
"Zimbabwe","1997",7811400,7.81,20
"Zimbabwe","1998",8967000,8.97,22.96
"Zimbabwe","1999",7528800,7.53,19.28
"Zimbabwe","2000",6511200,6.51,16.67
"Zimbabwe","2001",7262400,7.26,18.59
"Zimbabwe","2002",6607200,6.61,16.92
"Zimbabwe","2003",5499000,5.5,14.08
"Zimbabwe","2004",7218600,7.22,18.48
"Zimbabwe","2005",3955800,3.96,10.13
"Zimbabwe","2006",2709000,2.71,6.94
"Zimbabwe","2007",1874400,1.87,4.8
